{
    "1": {
        "test": {
            "NLG-acc": 7.040840889031533,
            "NLG-bleu": 7.989194273628916,
            "NLU-acc": 0.0,
            "NLU-f1": 20.96951753041429
        },
        "valid": {
            "NLG-acc": 7.046803699067157,
            "NLG-bleu": 8.507608825757064,
            "NLU-acc": 0.0,
            "NLU-f1": 21.518944692058355
        }
    },
    "2": {
        "test": {
            "NLG-acc": 11.000561662521061,
            "NLG-bleu": 29.114497231760396,
            "NLU-acc": 0.057001710051301537,
            "NLU-f1": 33.47870277378116
        },
        "valid": {
            "NLG-acc": 11.513144610911441,
            "NLG-bleu": 30.516978703990244,
            "NLU-acc": 0.09574875526618154,
            "NLU-f1": 33.822470244338746
        }
    },
    "3": {
        "test": {
            "NLG-acc": 14.446762416753591,
            "NLG-bleu": 32.93862265590395,
            "NLU-acc": 0.779023370701121,
            "NLU-f1": 45.519184195793954
        },
        "valid": {
            "NLG-acc": 14.574163065864395,
            "NLG-bleu": 32.30868117114993,
            "NLU-acc": 0.9574875526618154,
            "NLU-f1": 45.69949694758127
        }
    },
    "4": {
        "test": {
            "NLG-acc": 19.329214474845543,
            "NLG-bleu": 40.02576960363752,
            "NLU-acc": 3.192095762872886,
            "NLU-f1": 54.84813764359578
        },
        "valid": {
            "NLG-acc": 19.48067681621774,
            "NLG-bleu": 40.49950106272582,
            "NLU-acc": 3.1405591727307542,
            "NLU-f1": 54.71392755718606
        }
    },
    "5": {
        "test": {
            "NLG-acc": 23.304982748936855,
            "NLG-bleu": 44.969448054151115,
            "NLU-acc": 6.8972069162074865,
            "NLU-f1": 62.087187202139745
        },
        "valid": {
            "NLG-acc": 23.163590841174333,
            "NLG-bleu": 45.35553726731047,
            "NLU-acc": 7.142857142857142,
            "NLU-f1": 62.222255753947934
        }
    },
    "6": {
        "test": {
            "NLG-acc": 26.209580357859263,
            "NLG-bleu": 49.51810023381323,
            "NLU-acc": 11.83735512065362,
            "NLU-f1": 67.90608261204808
        },
        "valid": {
            "NLG-acc": 26.35787263255664,
            "NLG-bleu": 50.04457705659706,
            "NLU-acc": 12.332439678284182,
            "NLU-f1": 68.18919813749325
        }
    },
    "7": {
        "test": {
            "NLG-acc": 30.293669261012596,
            "NLG-bleu": 54.949524242689264,
            "NLU-acc": 16.473494204826146,
            "NLU-f1": 71.85345556759121
        },
        "valid": {
            "NLG-acc": 30.11347575011105,
            "NLG-bleu": 55.26142150569849,
            "NLU-acc": 16.12409038682497,
            "NLU-f1": 71.94892866187328
        }
    },
    "8": {
        "test": {
            "NLG-acc": 33.940463772767394,
            "NLG-bleu": 54.00528051995658,
            "NLU-acc": 22.515675470264107,
            "NLU-f1": 75.28190738051983
        },
        "valid": {
            "NLG-acc": 33.80850462383395,
            "NLG-bleu": 54.27398981940509,
            "NLU-acc": 22.50095748755266,
            "NLU-f1": 75.1381084658561
        }
    },
    "9": {
        "test": {
            "NLG-acc": 40.816817780630664,
            "NLG-bleu": 59.289552469448246,
            "NLU-acc": 25.49876496294889,
            "NLU-f1": 77.18955264129055
        },
        "valid": {
            "NLG-acc": 40.62512619634131,
            "NLG-bleu": 59.184968676100866,
            "NLU-acc": 25.871313672922252,
            "NLU-f1": 77.03759749336119
        }
    },
    "10": {
        "test": {
            "NLG-acc": 51.6288213110808,
            "NLG-bleu": 63.19896363239626,
            "NLU-acc": 29.20387611628349,
            "NLU-f1": 78.5311918748169
        },
        "valid": {
            "NLG-acc": 51.32657593991035,
            "NLG-bleu": 63.300864334282636,
            "NLU-acc": 29.20337035618537,
            "NLU-f1": 78.35782153715867
        }
    },
    "11": {
        "test": {
            "NLG-acc": 56.80012838000481,
            "NLG-bleu": 66.40235805280832,
            "NLU-acc": 30.894926847805433,
            "NLU-f1": 79.8224162731094
        },
        "valid": {
            "NLG-acc": 57.02459314299559,
            "NLG-bleu": 66.43947840304418,
            "NLU-acc": 31.099195710455763,
            "NLU-f1": 79.62951119691807
        }
    },
    "12": {
        "test": {
            "NLG-acc": 62.52908609484072,
            "NLG-bleu": 68.47653717936343,
            "NLU-acc": 34.39103173095192,
            "NLU-f1": 81.16262672029309
        },
        "valid": {
            "NLG-acc": 62.54088761458628,
            "NLG-bleu": 68.03331893104175,
            "NLU-acc": 34.105706625813866,
            "NLU-f1": 80.80450263809101
        }
    },
    "13": {
        "test": {
            "NLG-acc": 61.9152691968226,
            "NLG-bleu": 69.40130570696714,
            "NLU-acc": 36.614098422952694,
            "NLU-f1": 82.01837114054482
        },
        "valid": {
            "NLG-acc": 61.55958486451561,
            "NLG-bleu": 68.97616887375267,
            "NLU-acc": 36.26962849482957,
            "NLU-f1": 81.77572321291187
        }
    },
    "14": {
        "test": {
            "NLG-acc": 66.5008424937816,
            "NLG-bleu": 69.76366007868671,
            "NLU-acc": 38.799163974919246,
            "NLU-f1": 82.81811180775651
        },
        "valid": {
            "NLG-acc": 66.61147680006462,
            "NLG-bleu": 69.30351349001869,
            "NLU-acc": 38.26120260436615,
            "NLU-f1": 82.50606674486414
        }
    },
    "15": {
        "test": {
            "NLG-acc": 68.95611008585412,
            "NLG-bleu": 72.38986738437184,
            "NLU-acc": 40.889226676800305,
            "NLU-f1": 83.70032510399216
        },
        "valid": {
            "NLG-acc": 69.17174817267697,
            "NLG-bleu": 71.7540563653128,
            "NLU-acc": 40.329375718115664,
            "NLU-f1": 83.34957145709717
        }
    },
    "16": {
        "test": {
            "NLG-acc": 67.82877316857899,
            "NLG-bleu": 70.8519459774788,
            "NLU-acc": 42.35227056811704,
            "NLU-f1": 84.31506256321009
        },
        "valid": {
            "NLG-acc": 67.80680854500666,
            "NLG-bleu": 70.95496970358481,
            "NLU-acc": 42.0337035618537,
            "NLU-f1": 83.98232852512815
        }
    },
    "17": {
        "test": {
            "NLG-acc": 69.30514322394286,
            "NLG-bleu": 71.32328708413407,
            "NLU-acc": 43.60630818924568,
            "NLU-f1": 84.76209136146457
        },
        "valid": {
            "NLG-acc": 69.4988490893672,
            "NLG-bleu": 71.85779906316051,
            "NLU-acc": 42.589046342397545,
            "NLU-f1": 84.4122225278871
        }
    },
    "18": {
        "test": {
            "NLG-acc": 68.83174195619033,
            "NLG-bleu": 73.42469154670927,
            "NLU-acc": 44.993349800494016,
            "NLU-f1": 85.24015727131838
        },
        "valid": {
            "NLG-acc": 68.973872309494,
            "NLG-bleu": 73.41284308354852,
            "NLU-acc": 44.71466870930678,
            "NLU-f1": 85.09281247073264
        }
    },
    "19": {
        "test": {
            "NLG-acc": 69.59399823477493,
            "NLG-bleu": 73.15306863641308,
            "NLU-acc": 45.48736462093863,
            "NLU-f1": 85.43261607816048
        },
        "valid": {
            "NLG-acc": 70.007672737552,
            "NLG-bleu": 73.09513998545523,
            "NLU-acc": 44.98276522405209,
            "NLU-f1": 85.19492332638623
        }
    },
    "20": {
        "test": {
            "NLG-acc": 71.50766268153735,
            "NLG-bleu": 72.1229742128804,
            "NLU-acc": 46.66539996199886,