{
    "1": {
        "test": {
            "NLG-acc": 6.844259006659713,
            "NLG-bleu": 7.0294946921912755,
            "NLU-acc": 0.0,
            "NLU-f1": 20.976620862617352
        },
        "valid": {
            "NLG-acc": 6.889310665105198,
            "NLG-bleu": 7.566775089451075,
            "NLU-acc": 0.0,
            "NLU-f1": 21.3591633057354
        }
    },
    "2": {
        "test": {
            "NLG-acc": 10.607397897777421,
            "NLG-bleu": 28.51739226507652,
            "NLU-acc": 0.03800114003420103,
            "NLU-f1": 33.94478170508904
        },
        "valid": {
            "NLG-acc": 10.967976416427735,
            "NLG-bleu": 29.588226518241978,
            "NLU-acc": 0.057449253159708925,
            "NLU-f1": 34.187253393016945
        }
    }
}