{
    "1": {
        "test": {
            "NLG-acc": 7.040840889031533,
            "NLG-bleu": 7.989194273628916,
            "NLU-acc": 0.0,
            "NLU-f1": 20.96951753041429
        },
        "valid": {
            "NLG-acc": 7.046803699067157,
            "NLG-bleu": 8.507608825757064,
            "NLU-acc": 0.0,
            "NLU-f1": 21.518944692058355
        }
    }
}